{
    "heap": {
        "objects": [
            {
                "name": "HandlerServlet",
                "type": "HandlerServlet",
                "config": {
                    "handler": "DispatchHandler",
                    "baseURI":"http://109.73.67.52:8080"
                }
            },
            {
                "name": "DispatchHandler",
                "type": "DispatchHandler",
                "config": {
                    "bindings": [
                        {
                            "condition": "${exchange.request.uri.path == '/wordpress/wp-login.php'}",
                            "handler": "LoginChain",
                        },
                        {
                            "handler": "ClientHandler",
                        }
                    ]
                }
            },
            {
                "name": "LoginChain",
                "type": "Chain",
                "config": {
                    "filters": ["SqlAttributesFilter","LoginRequestFilter"],
                    "handler": "ClientHandler"
                }
            },
            {
                "name": "SqlAttributesFilter",
                "type": "SqlAttributesFilter",
                "config": {
                      "target":"${exchange.credentials}",
                      "dataSource": "java:comp/env/jdbc/apex",
                      "preparedStatement":"SELECT username, password FROM users WHERE email = ?;",
                      "parameters": ["george@seinfeld.com"]
                }
            },
            {
                "name": "LoginRequestFilter",
                "type": "StaticRequestFilter",
                "config": {
                    "method": "POST",
                    "uri": "http://109.73.67.52:8080/wordpress/wp-login.php",
                    "form": {
                        "log": ["${exchange.credentials.username}"],
                        "pwd": ["${exchange.credentials.password}"],
                        "rememberme": ["forever"],
                        "redirect_to" : ["http://demo.forgerock.com:8080/wordpress/wp-admin/"],
                        "testcookie": ["1"]
                    }
                }
            }, 
            {
                "name": "ClientHandler",
                "type": "ClientHandler",
                "config": {
                }
            },
        ]
    },
    "servletObject": "HandlerServlet",
}
